fold,rmse
1,1.2225060032945612
2,1.2186871112959201
3,1.203936760188781
4,1.211268718909568
5,1.2333047206477856
