seed,fold,rmse
42,1,1.2238265606014598
42,2,1.2187959221454396
42,3,1.2033977768425093
42,4,1.2099694300017287
42,5,1.23323720490561
2024,1,1.2246395167585804
2024,2,1.216045698914286
2024,3,1.2301394884211119
2024,4,1.2050837201230489
2024,5,1.2104785971611496
3407,1,1.20849461603519
3407,2,1.225064739825078
3407,3,1.2206138186031121
3407,4,1.2154420362939478
3407,5,1.2152328489263569
